id,tx,ty,rotation_deg,scale,patch_version,seed,tile_family,label
t_spectre_tile_1_1__pv1.0.0__a6dd938fab897ef739e5375fd0,-4.6685236058382147,-13.218499200498005,-3.4986101496098681e-14,1.1000000000000003,1.0.0,,spectre_tile_1_1,Psi
t_spectre_tile_1_1__pv1.0.0__b30b0d084b29fffc166d63f15e,-6.318523605838215,-12.265871256335112,-60.000000000000036,1.1000000000000003,1.0.0,,spectre_tile_1_1,Delta
t_spectre_tile_1_1__pv1.0.0__75fd09cc60540a833e1efe6855,-8.2237794941639706,-12.265871256335112,-120.00000000000001,1.1000000000000003,1.0.0,,spectre_tile_1_1,Phi
t_spectre_tile_1_1__pv1.0.0__2545525fa15568a3b56dd11d89,-3.7158956616753529,-11.568499200498005,-150.00000000000003,1.1000000000000003,1.0.0,,spectre_tile_1_1,Gamma
t_spectre_tile_1_1__pv1.0.0__b2b830ec38d3f435426177d3ee,-6.5737794941639693,-11.313243312172251,179.99999999999997,1.1000000000000003,1.0.0,,spectre_tile_1_1,Sigma
t_spectre_tile_1_1__pv1.0.0__3a643ca9b23a0cc9a65d7508b8,-7.2711515500011084,-8.710615368009357,179.99999999999997,1.1000000000000003,1.0.0,,spectre_tile_1_1,Pi
t_spectre_tile_1_1__pv1.0.0__33d2e361d44020bf14a55cf492,-5.621151550001108,-9.6632433121722503,119.99999999999999,1.1000000000000005,1.0.0,,spectre_tile_1_1,Phi
t_spectre_tile_1_1__pv1.0.0__5d767820224316a4feaaaef102,11.899872003301974,-12.45273153552071,-119.99999999999999,1.1000000000000003,1.0.0,,spectre_tile_1_1,Phi
t_spectre_tile_1_1__pv1.0.0__cf89511ef2a6044dd9254ee5b6,5.0446161149761881,-12.010615368009358,9.5416640443905487e-15,1.1000000000000003,1.0.0,,spectre_tile_1_1,Phi
t_spectre_tile_1_1__pv1.0.0__4bd400dab8e5d4e1360007b00c,6.6946161149761885,-11.057987423846464,59.999999999999993,1.1000000000000003,1.0.0,,spectre_tile_1_1,Xi
t_spectre_tile_1_1__pv1.0.0__1d025fc1234c6f8e6be7d9f936,4.0919881708133268,-10.360615368009357,59.999999999999993,1.1000000000000003,1.0.0,,spectre_tile_1_1,Sigma
t_spectre_tile_1_1__pv1.0.0__0aaf9b3d7b2e227c3b293b83cc,7.9024999474648672,-4.6448477030320303,-59.999999999999993,1.1000000000000001,1.0.0,,spectre_tile_1_1,Phi
t_spectre_tile_1_1__pv1.0.0__5bf0f1e24dfe42f01925c17c20,9.5524999474648666,-5.5974756471949236,-8.8860641087827079e-15,1.1000000000000001,1.0.0,,spectre_tile_1_1,Pi
t_spectre_tile_1_1__pv1.0.0__4db7f074af721e90248459ae45,2.1867322824875401,-15.565871256335113,119.99999999999999,1.1000000000000001,1.0.0,,spectre_tile_1_1,Gamma
t_spectre_tile_1_1__pv1.0.0__883b71a4f69e43ff98f0b7230b,1.4893602266504333,-11.057987423846464,-120.00000000000001,1.1000000000000003,1.0.0,,spectre_tile_1_1,Pi
t_spectre_tile_1_1__pv1.0.0__e4b5ea32138da2ee0ab4dc0505,-1.1132677175124599,-10.360615368009357,-120.00000000000001,1.1000000000000003,1.0.0,,spectre_tile_1_1,Gamma
t_spectre_tile_1_1__pv1.0.0__d9d28dd0d3de7f3a361c2bffa6,2.4419881708132949,-12.707987423846465,90,1.1000000000000003,1.0.0,,spectre_tile_1_1,Gamma
t_spectre_tile_1_1__pv1.0.0__3193b419c265f0aea65baf4363,3.1393602266504335,-10.105359479683571,180,1.1000000000000001,1.0.0,,spectre_tile_1_1,Delta
t_spectre_tile_1_1__pv1.0.0__91c5b556027be635150d9984b2,-1.8106397733495359,-5.8527315355207099,-60.000000000000021,1.1000000000000003,1.0.0,,spectre_tile_1_1,Xi
t_spectre_tile_1_1__pv1.0.0__28b775074b561c9173872cdaa4,2.4419881708133575,-7.5027315355207094,180,1.1000000000000003,1.0.0,,spectre_tile_1_1,Gamma
t_spectre_tile_1_1__pv1.0.0__727c0121efe092e1f2cfce5ea5,4.0919881708133268,-8.4553594796835707,119.99999999999999,1.1000000000000001,1.0.0,,spectre_tile_1_1,Theta
t_spectre_tile_1_1__pv1.0.0__9d7709e761d167ed2cde876238,-1.8106397733495359,-3.9474756471949548,-120.00000000000001,1.1000000000000003,1.0.0,,spectre_tile_1_1,Delta
t_spectre_tile_1_1__pv1.0.0__15723fcfbf142c1db5c58f511b,0.09461611497625029,-5.8527315355207099,150,1.1000000000000003,1.0.0,,spectre_tile_1_1,Gamma
t_spectre_tile_1_1__pv1.0.0__057470c49b039eba7f639b18e6,-7.9685236058381843,-6.1079874238464642,180,1.1000000000000003,1.0.0,,spectre_tile_1_1,Gamma
t_spectre_tile_1_1__pv1.0.0__f354db988f53682d585018f983,-4.4132677175124293,-3.2501035913578167,-120.00000000000001,1.1000000000000003,1.0.0,,spectre_tile_1_1,Xi
t_spectre_tile_1_1__pv1.0.0__89421fae075d14c56aa2573be7,-10.315895661675292,-4.4579874238464638,150,1.1000000000000003,1.0.0,,spectre_tile_1_1,Gamma
t_spectre_tile_1_1__pv1.0.0__c48b0adbe3b4bb99b5bd96e78a,-2.7632677175124289,-2.2974756471949549,180,1.1000000000000003,1.0.0,,spectre_tile_1_1,Phi
t_spectre_tile_1_1__pv1.0.0__50f52e94c0d51db6a3a4158874,-9.6185236058381847,-1.8553594796835715,60.000000000000007,1.1000000000000003,1.0.0,,spectre_tile_1_1,Phi
t_spectre_tile_1_1__pv1.0.0__4d800f49f5e9ff53794568847c,-11.52377949416397,-1.8553594796835715,119.99999999999999,1.1000000000000001,1.0.0,,spectre_tile_1_1,Sigma
t_spectre_tile_1_1__pv1.0.0__69e52bcb9d24b42aa2c20f35fa,-9.6185236058381847,0.049896408642183587,119.99999999999999,1.1000000000000001,1.0.0,,spectre_tile_1_1,Psi
t_spectre_tile_1_1__pv1.0.0__e6a7029ebcfe2a030b5a0171b1,-5.8080118291867686,3.8604081852936929,-59.999999999999972,1.1000000000000001,1.0.0,,spectre_tile_1_1,Phi
t_spectre_tile_1_1__pv1.0.0__dd1a8be5fd81f0dfd5e7cfcf00,-5.8080118291867686,5.7656640736194795,-119.99999999999997,1.1000000000000001,1.0.0,,spectre_tile_1_1,Sigma
t_spectre_tile_1_1__pv1.0.0__0974f40654aa0990ebeb8a3328,-8.4106397733496294,6.4630361294565866,-119.99999999999997,1.1000000000000001,1.0.0,,spectre_tile_1_1,Psi
t_spectre_tile_1_1__pv1.0.0__79ed2c146256f241c7d8c4a9e2,8.8551278916277294,-2.9948477030320309,-8.8860641087827079e-15,1.1000000000000001,1.0.0,,spectre_tile_1_1,Sigma
t_spectre_tile_1_1__pv1.0.0__166fe0b96a51d0afb40179b49f,3.3946161149762193,-3.9474756471949237,59.999999999999993,1.1000000000000001,1.0.0,,spectre_tile_1_1,Gamma
t_spectre_tile_1_1__pv1.0.0__b15f2052fdda6d9593d6b3caa1,5.9972440591391125,-2.7395918147062761,30.000000000000004,1.1000000000000001,1.0.0,,spectre_tile_1_1,Gamma
t_spectre_tile_1_1__pv1.0.0__37809d42cea8b824430732ac0d,6.9498720033019739,-1.0895918147062758,180,1.1000000000000001,1.0.0,,spectre_tile_1_1,Xi
t_spectre_tile_1_1__pv1.0.0__30caef38cf0b72ea3105bcf105,8.5998720033019751,-2.0422197588691691,119.99999999999999,1.1000000000000001,1.0.0,,spectre_tile_1_1,Delta
t_spectre_tile_1_1__pv1.0.0__53c9d9915586e9b5691932d98e,10.50512789162773,-0.13696387054338288,119.99999999999999,1.1000000000000001,1.0.0,,spectre_tile_1_1,Xi
t_spectre_tile_1_1__pv1.0.0__f9b18401e4421c5f551a09bd6c,5.5551278916277287,4.1156640736194792,9.5416640443905487e-15,1.1000000000000003,1.0.0,,spectre_tile_1_1,Phi
t_spectre_tile_1_1__pv1.0.0__af1ada88260116373bd3c23cd8,9.8077558357906529,4.3709199619452344,59.999999999999993,1.1000000000000001,1.0.0,,spectre_tile_1_1,Gamma
t_spectre_tile_1_1__pv1.0.0__ef769f786af83d58b4cc51a0af,7.205127891627729,5.0682920177823725,59.999999999999993,1.1000000000000003,1.0.0,,spectre_tile_1_1,Pi
t_spectre_tile_1_1__pv1.0.0__244731d9e5e5e65ae791017744,4.6024999474648673,5.7656640736194795,59.999999999999993,1.1000000000000003,1.0.0,,spectre_tile_1_1,Sigma
t_spectre_tile_1_1__pv1.0.0__49b43733cd0679cac04b685d28,13.805127891627761,-12.45273153552071,-60.000000000000007,1.1000000000000001,1.0.0,,spectre_tile_1_1,Sigma
t_spectre_tile_1_1__pv1.0.0__bb268bbdc19453c0c2ea08df6c,12.597244059139081,-9.8501035913578168,-29.999999999999993,1.1000000000000001,1.0.0,,spectre_tile_1_1,Gamma
t_spectre_tile_1_1__pv1.0.0__83b4648c54ffecce146b778040,10.249872003301974,-8.2001035913578164,3.1805546814635168e-15,1.1000000000000001,1.0.0,,spectre_tile_1_1,Gamma
t_spectre_tile_1_1__pv1.0.0__b0c65c859b64288d02252777fd,14.502499947464868,-9.8501035913578168,119.99999999999999,1.1000000000000001,1.0.0,,spectre_tile_1_1,Psi
t_spectre_tile_1_1__pv1.0.0__2f56eec4d99747db2926756574,15.710383779953421,-3.4369638705434147,-119.99999999999999,1.1000000000000001,1.0.0,,spectre_tile_1_1,Psi
t_spectre_tile_1_1__pv1.0.0__68ecefea274c36c0a3f5f6dcc6,17.360383779953423,-2.4843359263805529,-179.99999999999997,1.0999999999999999,1.0.0,,spectre_tile_1_1,Phi
t_spectre_tile_1_1__pv1.0.0__a8803fd80ede01a61eb615d32d,10.50512789162773,-2.0422197588691691,59.999999999999993,1.1000000000000001,1.0.0,,spectre_tile_1_1,Phi
t_spectre_tile_1_1__pv1.0.0__ab5f0f4c2580fbabcee5eb71ac,14.315639668279301,3.6735479061081264,-59.999999999999993,1.1000000000000001,1.0.0,,spectre_tile_1_1,Phi
t_spectre_tile_1_1__pv1.0.0__f53d862b70f9a9059a143abfba,12.410383779953547,5.578803794433882,30.000000000000004,1.1000000000000001,1.0.0,,spectre_tile_1_1,Gamma
t_spectre_tile_1_1__pv1.0.0__ad40ebf5b233cc00713681f7f9,13.363011724116408,7.2288037944338823,180,1.1000000000000001,1.0.0,,spectre_tile_1_1,Psi
t_spectre_tile_1_1__pv1.0.0__1f6ec53a119cd87bd748068549,11.968267612442069,12.434059682759637,2.5444437451708134e-14,1.1000000000000001,1.0.0,,spectre_tile_1_1,Psi
t_spectre_tile_1_1__pv1.0.0__30e4e3e9d3c532887cd4159a54,15.523523500767825,15.291943515248285,-119.99999999999997,1.1000000000000001,1.0.0,,spectre_tile_1_1,Gamma
t_spectre_tile_1_1__pv1.0.0__69ce9426006d122a30e3b94b98,-15.079035382489757,-11.823755088823729,1.2722218725854067e-14,1.1000000000000001,1.0.0,,spectre_tile_1_1,Phi
t_spectre_tile_1_1__pv1.0.0__2c397414eea4281ac41a1e53c1,-13.429035382489756,-10.871127144660836,59.999999999999993,1.1000000000000001,1.0.0,,spectre_tile_1_1,Psi
t_spectre_tile_1_1__pv1.0.0__d42d5d3e0b24dbbd80c8c6ceae,-16.03166332665262,-10.173755088823729,59.999999999999993,1.1000000000000001,1.0.0,,spectre_tile_1_1,Sigma
t_spectre_tile_1_1__pv1.0.0__9bd67977d3b3e402383fb0516c,-12.221151550001077,-4.4579874238464638,-60.000000000000021,1.1000000000000003,1.0.0,,spectre_tile_1_1,Psi
t_spectre_tile_1_1__pv1.0.0__ee2215f5f5cc8adf712e63403c,-12.221151550001077,-2.5527315355207096,-120.00000000000001,1.1000000000000003,1.0.0,,spectre_tile_1_1,Delta
t_spectre_tile_1_1__pv1.0.0__1ca3691947be6b24d4ce7b50ea,-13.17377949416397,-0.90273153552070939,180,1.1000000000000003,1.0.0,,spectre_tile_1_1,Phi
t_spectre_tile_1_1__pv1.0.0__5b14512b605814e7d404bdbc39,-14.568523605838184,4.3025243528050767,-2.5249547458556739e-15,1.1000000000000001,1.0.0,,spectre_tile_1_1,Psi
t_spectre_tile_1_1__pv1.0.0__3fa396f570304012e6bb91e5ca,-15.265895661675323,6.9051522969679704,-2.5249547458556739e-15,1.1000000000000001,1.0.0,,spectre_tile_1_1,Sigma
t_spectre_tile_1_1__pv1.0.0__60b2d4ffd63e3ef81da17a296c,-13.615895661675323,7.8577802411308317,60.000000000000007,1.1000000000000001,1.0.0,,spectre_tile_1_1,Phi
t_spectre_tile_1_1__pv1.0.0__21e4693d6ffba5953c5259c333,-15.521151550001077,7.8577802411308317,119.99999999999999,1.1000000000000001,1.0.0,,spectre_tile_1_1,Delta
t_spectre_tile_1_1__pv1.0.0__26faeae8fdca396f3d313e4d6a,-13.615895661675323,9.7630361294566175,119.99999999999999,1.1000000000000001,1.0.0,,spectre_tile_1_1,Psi
t_spectre_tile_1_1__pv1.0.0__2885be7d855ac89eba45ad15fd,0.79198817081335737,-3.2501035913578167,60.000000000000007,1.1000000000000003,1.0.0,,spectre_tile_1_1,Lambda
t_spectre_tile_1_1__pv1.0.0__cb9e3dc5773f1c6dc6a3ec25e4,-1.1132677175124286,-3.2501035913578167,119.99999999999999,1.1000000000000001,1.0.0,,spectre_tile_1_1,Sigma
t_spectre_tile_1_1__pv1.0.0__4586214dfba73bb8bd283ef566,0.79198817081335737,-1.344847703032062,119.99999999999999,1.1000000000000001,1.0.0,,spectre_tile_1_1,Pi
t_spectre_tile_1_1__pv1.0.0__4cfdf0be430cb38fa3f6b0f389,-4.1580118291867683,2.9077802411308311,2.5444437451708134e-14,1.1000000000000001,1.0.0,,spectre_tile_1_1,Psi
t_spectre_tile_1_1__pv1.0.0__5dc9bbbbb5bd02458dcc5e8554,2.6972440591390807,0.56040818529372416,119.99999999999999,1.1000000000000001,1.0.0,,spectre_tile_1_1,Gamma
t_spectre_tile_1_1__pv1.0.0__9e804812ee9762c1e3fb320dd8,1.9998720033019739,5.0682920177823725,-120.00000000000001,1.1000000000000003,1.0.0,,spectre_tile_1_1,Psi
t_spectre_tile_1_1__pv1.0.0__ff231f367394c4307085c8ff68,-4.8553838850238753,5.5104081852936933,2.5444437451708134e-14,1.1000000000000001,1.0.0,,spectre_tile_1_1,Delta
t_spectre_tile_1_1__pv1.0.0__2119fb97aa27573e5f1c4342c1,2.9524999474648355,3.4182920177823721,90,1.1000000000000003,1.0.0,,spectre_tile_1_1,Gamma
t_spectre_tile_1_1__pv1.0.0__8cf8bcbbdd08d0835deff8dba8,3.649872003301974,6.0209199619452658,180,1.1000000000000001,1.0.0,,spectre_tile_1_1,Delta
t_spectre_tile_1_1__pv1.0.0__81c0aa9afb0c10fc02c6f4d73f,-3.2053838850238749,6.4630361294565866,60.000000000000021,1.1000000000000001,1.0.0,,spectre_tile_1_1,Psi
t_spectre_tile_1_1__pv1.0.0__9ae76719f3c89caa56bb34af4c,-4.1580118291867372,8.1130361294565869,-89.999999999999972,1.1000000000000001,1.0.0,,spectre_tile_1_1,Gamma
t_spectre_tile_1_1__pv1.0.0__1249b3533a2262500d6a28e8c6,-6.76063977334963,7.4156640736194799,-179.99999999999997,1.1000000000000001,1.0.0,,spectre_tile_1_1,Phi
t_spectre_tile_1_1__pv1.0.0__e317f4879401b16a4c27a9373d,-3.902755940860982,10.970919961945235,-59.999999999999972,1.1000000000000001,1.0.0,,spectre_tile_1_1,Gamma
t_spectre_tile_1_1__pv1.0.0__edd1d629ce4f74c63082299fa9,-9.8053838850239075,13.573547906108097,-59.999999999999972,1.1000000000000001,1.0.0,,spectre_tile_1_1,Phi
t_spectre_tile_1_1__pv1.0.0__7af403f443faa83c069a2439b9,-8.1553838850239071,12.620919961945235,2.5444437451708134e-14,1.1000000000000001,1.0.0,,spectre_tile_1_1,Xi
t_spectre_tile_1_1__pv1.0.0__5078cc9bbb5d977ea42a0414f5,-8.8527559408610141,15.223547906108097,2.5444437451708134e-14,1.1000000000000001,1.0.0,,spectre_tile_1_1,Delta
t_spectre_tile_1_1__pv1.0.0__3527aa47c6ef89af32664b5ac1,-9.8053838850239075,15.478803794433883,-119.99999999999997,1.1000000000000001,1.0.0,,spectre_tile_1_1,Sigma
t_spectre_tile_1_1__pv1.0.0__db008a1d54eb011a4978c8c09f,-8.1553838850238751,17.826175850270989,-89.999999999999972,1.1000000000000001,1.0.0,,spectre_tile_1_1,Gamma
t_spectre_tile_1_1__pv1.0.0__81b12e93dd93aac1875fbb9402,4.6024999474648673,7.6709199619452653,119.99999999999999,1.1000000000000001,1.0.0,,spectre_tile_1_1,Phi
t_spectre_tile_1_1__pv1.0.0__e4b644df845de76545df3b52ba,8.4130117241163145,11.481431738596743,-59.999999999999972,1.1000000000000001,1.0.0,,spectre_tile_1_1,Psi
t_spectre_tile_1_1__pv1.0.0__2247b6f692952e476d0d15a4cf,10.318267612442069,13.38668762692253,-59.999999999999972,1.1000000000000001,1.0.0,,spectre_tile_1_1,Delta
t_spectre_tile_1_1__pv1.0.0__a39bd0a51cbf6f85b34565d34f,8.4130117241163145,13.38668762692253,-119.99999999999997,1.1000000000000001,1.0.0,,spectre_tile_1_1,Phi
t_spectre_tile_1_1__pv1.0.0__29407d1a182e4d60e742cc1dd3,12.920895556604931,14.084059682759637,-149.99999999999994,1.0999999999999999,1.0.0,,spectre_tile_1_1,Gamma
t_spectre_tile_1_1__pv1.0.0__f078b61a555cae31ad9bec50b3,10.063011724116315,14.339315571085391,-179.99999999999997,1.1000000000000001,1.0.0,,spectre_tile_1_1,Sigma
t_spectre_tile_1_1__pv1.0.0__07a5b9039ff14ac9194c0cf186,3.2077558357905276,14.781431738596744,60.000000000000021,1.1000000000000001,1.0.0,,spectre_tile_1_1,Psi
t_spectre_tile_1_1__pv1.0.0__ee320859d32df7b1869496ae56,2.952499947464867,8.6235479061081275,180,1.1000000000000001,1.0.0,,spectre_tile_1_1,Psi
t_spectre_tile_1_1__pv1.0.0__18c3769e56b7c6ccaf7aece248,-1.9975000525352586,12.87617585027099,-59.999999999999986,1.0999999999999999,1.0.0,,spectre_tile_1_1,Pi
t_spectre_tile_1_1__pv1.0.0__e6e9cae9c10797ddf94ba083a1,-0.092244164209472512,14.781431738596744,-59.999999999999986,1.0999999999999999,1.0.0,,spectre_tile_1_1,Sigma
t_spectre_tile_1_1__pv1.0.0__d02a47cad5d40388ef4188cec0,1.5577558357905277,13.828803794433883,2.2263882770244624e-14,1.0999999999999999,1.0.0,,spectre_tile_1_1,Phi
t_spectre_tile_1_1__pv1.0.0__852de069128ac27856c2fbfe7d,-1.9975000525352586,14.781431738596744,-119.99999999999997,1.1000000000000001,1.0.0,,spectre_tile_1_1,Phi
